{
    "fr": {
      "welcome_title": "Bienvenue sur SEGMI Community",
      "welcome_text": "Découvrez toutes les informations utiles, échangez avec d'autres membres et obtenez de l'aide grâce à notre bot intégré.",
      "join_button": "Rejoindre la Communauté",
      "doc_title": "Documentation du Bot SEGMI",
      "doc_text": "Notre bot Discord vous aide à obtenir des informations sur les programmes, les examens, et bien plus encore.",
      "info_command": "!info - Informations sur les inscriptions, programmes et événements.",
      "exam_command": "!exam - Horaires et programmes d'examen.",
      "help_command": "!help - Liste complète des commandes disponibles.",
      "change_language": "Changer de langue"
    },
    "en": {
      "welcome_title": "Welcome to SEGMI Community",
      "welcome_text": "Discover all the useful information, interact with other members, and get help through our integrated bot.",
      "join_button": "Join the Community",
      "doc_title": "SEGMI Bot Documentation",
      "doc_text": "Our Discord bot helps you get information about programs, exams, and more.",
      "info_command": "!info - Information about registrations, programs, and events.",
      "exam_command": "!exam - Exam schedules and programs.",
      "help_command": "!help - A full list of available commands.",
      "change_language": "Change Language"
    }
  }
  